<ivysettings>
    <property name="wr.repo.basepath"
        value="http://windyroad.artifactoryonline.com/windyroad" />
    <property name="wr.repo.artifact.pattern"
        value="[organisation]/[module]/[revision]/[type]s/[artifact](-[classifier])-[revision].[ext]" />
    <property name="wr.repo.ivy.pattern"
        value="[organisation]/[module]/[revision]/[type]s/ivy-[revision].xml" />

    <credentials host="windyroad.artifactoryonline.com" realm="Artifactory Realm"
        username="${wr.repo.username}" passwd="${wr.repo.password}" />
    <settings defaultResolver="default" />
    <resolvers>
        <url name="releases" m2compatible="false">
            <artifact pattern="${wr.repo.basepath}/releases/${wr.repo.artifact.pattern}" />
            <ivy pattern="${wr.repo.basepath}/releases/${wr.repo.ivy.pattern}" />
        </url>
        <url name="snapshots" m2compatible="false">
            <artifact pattern="${wr.repo.basepath}/snapshots/${wr.repo.artifact.pattern}" />
            <ivy pattern="${wr.repo.basepath}/snapshots/${wr.repo.ivy.pattern}" />
        </url>
        <packager name="roundup" buildRoot="${user.home}/.ivy2/packager/build"
        resourceCache="${user.home}/.ivy2/packager/cache">
            <ivy
            pattern="http://ivyroundup.googlecode.com/svn/trunk/repo/modules/[organisation]/[module]/[revision]/ivy.xml" />
            <artifact
            pattern="http://ivyroundup.googlecode.com/svn/trunk/repo/modules/[organisation]/[module]/[revision]/packager.xml" />
        </packager>
        <url name="cukes" m2compatible="true">
            <artifact pattern="http://cukes.info/maven/[organisation]/[module]/[revision]/[artifact]-[revision].[ext]"/>
        </url>
        <ibiblio name="sonatype-snapshots"
        m2compatible="true"
        usepoms="true"
        pattern="[organisation]/[module]/[revision]/[artifact]-[revision](-[classifier]).[ext]"
        root="https://oss.sonatype.org/content/repositories/snapshots"/>
    </resolvers>
    <resolvers>
        <chain name="public">
            <ibiblio name="ibiblio" m2compatible="true" />
            <resolver ref="roundup" />
            <resolver ref="releases" />
            <resolver ref="cukes" />
            <resolver ref="sonatype-snapshots" />
        </chain>
    </resolvers>
    <resolvers>
        <chain name="shared">
            <resolver ref="snapshots"/>
        </chain>
    </resolvers>
    <property name="ivy.local.default.root" value="${ivy.default.ivy.user.dir}/local"
    override="false" />
    <property name="ivy.local.default.ivy.pattern"
    value="[organisation]/[module]/[revision]/[type]s/[artifact].[ext]"
    override="false" />
    <property name="ivy.local.default.artifact.pattern"
    value="[organisation]/[module]/[revision]/[type]s/[artifact].[ext]"
    override="false" />
    <resolvers checkmodified="true">
        <filesystem name="local">
            <ivy pattern="${ivy.local.default.root}/${ivy.local.default.ivy.pattern}" />
            <artifact
            pattern="${ivy.local.default.root}/${ivy.local.default.artifact.pattern}" />
        </filesystem>
    </resolvers>
    <include url="${ivy.default.settings.dir}/ivysettings-main-chain.xml" />
    <include url="${ivy.default.settings.dir}/ivysettings-default-chain.xml" />
</ivysettings>
